Communication Rounds,Global Accuracies,Global Losses
1,68.46473029045643,0.9383519440889359
2,79.66804979253112,0.6642979644238949
